Query No.,Trial 1,Trial 2,Trial 3,Trial 4,Trial 5,Average
1,0.48,0.49,0.50,0.49,0.46,0.484
2,0.49,0.49,0.48,0.48,0.47,0.48200000000000004
3,0.49,0.49,0.48,0.48,0.48,0.484
4,0.48,0.48,0.48,0.49,0.49,0.484
5,0.47,0.48,0.49,0.48,0.49,0.48200000000000004
