Query No.,Trial 1,Trial 2,Trial 3,Trial 4,Trial 5,Average
1,0.86,0.85,0.81,0.74,0.89,0.8299999999999998
2,0.84,0.84,0.69,0.89,0.87,0.826
3,0.95,0.88,0.86,0.70,0.78,0.834
4,0.84,0.78,0.64,0,0.77,0.6060000000000001
5,0,0.69,0.67,0.67,0.76,0.558
